--- POPULATE SCHEMAS, TABLES, AND DATA FOR ASSIGNMENT --- 


-- CREATE SCHEMAS
CREATE SCHEMA EVENT;

CREATE SCHEMA SOCIAL_MEDIA_MARKETING;

CREATE SCHEMA USERS;


-- CREATE TABLES
-- SOCIAL_MEDIA
CREATE TABLE SOCIAL_MEDIA_MARKETING.FACEBOOK_ADS(
    CLIENT_ID SERIAL PRIMARY KEY,
    ADS_ID VARCHAR(50),
    DEVICE_TYPE VARCHAR(50),
    DEVICE_ID VARCHAR(50),
    TIMESTAMP TIMESTAMP
);

CREATE TABLE SOCIAL_MEDIA_MARKETING.INSTAGRAM_ADS(
    CLIENT_ID SERIAL PRIMARY KEY,
    ADS_ID VARCHAR(50),
    DEVICE_TYPE VARCHAR(50),
    DEVICE_ID VARCHAR(50),
    TIMESTAMP TIMESTAMP
);


-- USERS
CREATE TABLE USERS.USERS(
    USER_ID SERIAL PRIMARY KEY,
    FIRST_NAME VARCHAR(50),
    LAST_NAME VARCHAR(50),
    EMAIL VARCHAR(100),
    DOB DATE,
    GENDER VARCHAR(10),
    REGISTER_DATE TIMESTAMP,
    CLIENT_ID INT
);

CREATE TABLE USERS.USER_TRANSACTIONS(
    USER_TRANSACTION_ID SERIAL PRIMARY KEY,
    USER_ID INT,
    TRANSACTION_DATE TIMESTAMP,
    AMOUNT NUMERIC(10, 2),
    TRANSACTION_TYPE VARCHAR(50),

	CONSTRAINT user_transactions_fkey FOREIGN KEY(USER_ID) REFERENCES USERS.USERS(USER_ID)
);


-- EVENTS
CREATE TABLE EVENT.EVENTS(
    EVENT_ID SERIAL PRIMARY KEY,
    USER_ID INTEGER,
    EVENT_TYPE VARCHAR(50),
    TIMESTAMP TIMESTAMP,
    EVENT_DATA JSON,

	CONSTRAINT events_fkey FOREIGN KEY(USER_ID) REFERENCES USERS.USERS(USER_ID)
);


-- BECAUSE WE ONLY NEED DUMMY DATA FOR THE ASSIGNMENT, WE WILL POPULATE THE DATA MANUALLY.
-- ON REAL PRODUCTION, WE CAN USE OTHER METHOD SUCH AS BULK UPLOAD


-- USER DATA
INSERT INTO
	USERS.USERS
VALUES
    (101, 'Putri', 'Sari', 'putri1992@gmail.com', '1992-07-12', 'Female', '2023-01-15', 1111),
    (102, 'Rizki', 'Wijaya', 'rizki1990@gmail.com', '1990-09-02', 'Male', '2023-01-03', 1112),
    (103, 'Dewi', 'Lestari', 'dewi1995@gmail.com', '1995-04-21', 'Female', '2023-01-07', 1113),
    (104, 'Eko', 'Pratama', 'eko1988@gmail.com', '1988-12-29', 'Male', '2023-01-10', 1114),
    (105, 'Linda', 'Sulistyo', 'linda1987@gmail.com', '1987-06-14', 'Female', '2023-01-18', 1115),
    (106, 'Ahmad', 'Hidayat', 'ahmad1994@gmail.com', '1994-03-05', 'Male', '2023-01-20', 1116),
    (107, 'Siti', 'Yulianti', 'siti1989@gmail.com', '1989-09-13', 'Female', '2023-01-12', 1117),
    (108, 'Joko', 'Santoso', 'joko1991@gmail.com', '1991-02-08', 'Male', '2023-01-28', 1118),
    (109, 'Rina', 'Setiawan', 'rina1993@gmail.com', '1993-11-20', 'Female', '2023-01-25', 1119),
    (110, 'Budi', 'Kurniawan', 'budi1985@gmail.com', '1985-07-09', 'Male', '2023-01-05', 1120),
    (111, 'Sari', 'Wulandari', 'sari1996@gmail.com', '1996-09-18', 'Female', '2023-01-17', 1121),
    (112, 'Fahri', 'Abdullah', 'fahri1986@gmail.com', '1986-04-25', 'Male', '2023-01-22', 1122),
    (113, 'Lina', 'Purnama', 'lina1992@gmail.com', '1992-12-31', 'Female', '2023-01-14', 1123),
    (114, 'Hadi', 'Santoso', 'hadi1987@gmail.com', '1987-08-03', 'Male', '2023-01-09', 1124),
    (115, 'Yuni', 'Pratiwi', 'yuni1990@gmail.com', '1990-03-16', 'Female', '2023-01-08', 1125),
    (116, 'Iwan', 'Kusuma', 'iwan1994@gmail.com', '1994-11-22', 'Male', '2023-01-27', 1126),
    (117, 'Dewi', 'Saputri', 'dewi1989@gmail.com', '1989-05-01', 'Female', '2023-01-13', 1127),
    (118, 'Rudi', 'Santoso', 'rudi1991@gmail.com', '1991-01-19', 'Male', '2023-01-24', 1128),
    (119, 'Siti', 'Kusuma', 'siti1993@gmail.com', '1993-07-07', 'Female', '2023-01-06', 1129),
    (120, 'Eko', 'Pratiwi', 'eko1986@gmail.com', '1986-10-11', 'Male', '2023-01-21', 1130),
    (121, 'Lina', 'Wijaya', 'lina1995@gmail.com', '1995-04-30', 'Female', '2023-01-11', 1131),
    (122, 'Andi', 'Saputra', 'andi1992@gmail.com', '1992-02-14', 'Male', '2023-01-16', 1132),
    (123, 'Rina', 'Kusuma', 'rina1988@gmail.com', '1988-06-29', 'Female', '2023-01-19', 1133),
    (124, 'Joko', 'Wijaya', 'joko1990@gmail.com', '1990-09-27', 'Male', '2023-01-04', 1134),
    (125, 'Sinta', 'Surya', 'sinta1993@gmail.com', '1993-03-08', 'Female', '2023-01-23', 1135),
    (126, 'Rudi', 'Hidayat', 'rudi1987@gmail.com', '1987-07-17', 'Male', '2023-01-26', 1136),
    (127, 'Sari', 'Santoso', 'sari1994@gmail.com', '1994-12-21', 'Female', '2023-01-29', 1137),
    (128, 'Budi', 'Wijaya', 'budi1989@gmail.com', '1989-08-05', 'Male', '2023-01-02', 1138),
    (129, 'Lina', 'Saputri', 'lina1991@gmail.com', '1991-05-13', 'Female', '2023-01-30', 1139),
    (130, 'Ahmad', 'Kurniawan', 'ahmad1985@gmail.com', '1985-03-24', 'Male', '2023-01-31', 1140),
    (131, 'Dewi', 'Lestari', 'dewi1996@gmail.com', '1996-10-09', 'Female', '2023-01-01', 1141),
    (132, 'Rizki', 'Santoso', 'rizki1986@gmail.com', '1986-01-22', 'Male', '2023-01-07', 1142),
    (133, 'Siska', 'Wulandari', 'siska1992@gmail.com', '1992-11-17', 'Female', '2023-01-20', 1143),
    (134, 'Joko', 'Pratama', 'joko1987@gmail.com', '1987-07-28', 'Male', '2023-01-09', 1144),
    (135, 'Linda', 'Sulistyo', 'linda1990@gmail.com', '1990-12-05', 'Female', '2023-01-05', 1145),
    (136, 'Eko', 'Saputra', 'eko1995@gmail.com', '1995-03-19', 'Male', '2023-01-08', 1146),
    (137, 'Siti', 'Kusuma', 'siti1989@gmail.com', '1989-09-14', 'Female', '2023-01-18', 1147),
    (138, 'Rudi', 'Hidayat', 'rudi1993@gmail.com', '1993-06-02', 'Male', '2023-01-14', 1148),
    (139, 'Dewi', 'Santoso', 'dewi1988@gmail.com', '1988-03-26', 'Female', '2023-01-16', 1149),
    (140, 'Budi', 'Wijaya', 'budi1991@gmail.com', '1991-01-11', 'Male', '2023-01-12', 1150),
    (141, 'Lina', 'Saputri', 'lina1993@gmail.com', '1993-05-28', 'Female', '2023-01-03', 1151),
    (142, 'Damiano', 'Romano', 'damiano.romano@gmail.com', '1990-08-12', 'Male', '2023-02-05', 1152),
    (143, 'Elisabetta', 'Galli', 'elisabetta.galli@gmail.com', '1986-12-31', 'Female', '2023-02-10', 1153),
    (144, 'Gianluca', 'Serra', 'gianluca.serra@gmail.com', '1990-07-21', 'Male', '2023-02-15', 1154),
    (145, 'Aurora', 'Ferrari', 'aurora.ferrari@gmail.com', '1989-09-29', 'Female', '2023-02-20', 1155),
    (146, 'Davide', 'Russo', 'davide.russo@gmail.com', '1995-06-14', 'Male', '2023-02-18', 1156),
    (147, 'Beatrice', 'Conti', 'beatrice.conti@gmail.com', '1987-03-05', 'Female', '2023-02-25', 1157),
    (148, 'Michele', 'Martini', 'michele.martini@gmail.com', '1991-09-13', 'Male', '2023-02-12', 1158),
    (149, 'Francesca', 'Ricci', 'francesca.ricci@gmail.com', '1993-12-20', 'Female', '2023-02-28', 1159),
    (150, 'Andrea', 'Gatti', 'andrea.gatti@gmail.com', '1985-07-09', 'Male', '2023-02-01', 1160),
    (151, 'Laura', 'Moretti', 'laura.moretti@gmail.com', '1992-03-27', 'Female', '2023-02-01', 1161),
    (152, 'Alessio', 'Ricci', 'alessio.ricci@gmail.com', '1990-08-12', 'Male', '2023-02-05', 1162),
    (153, 'Giulia', 'Rossi', 'giulia.rossi@gmail.com', '1986-12-31', 'Female', '2023-02-10', 1163),
    (154, 'Lorenzo', 'Marini', 'lorenzo.marini@gmail.com', '1990-07-21', 'Male', '2023-02-15', 1164),
    (155, 'Chiara', 'Conti', 'chiara.conti@gmail.com', '1989-09-29', 'Female', '2023-02-20', 1165),
    (156, 'Federico', 'Santoro', 'federico.santoro@gmail.com', '1995-06-14', 'Male', '2023-02-18', 1166),
    (157, 'Martina', 'Rizzo', 'martina.rizzo@gmail.com', '1987-03-05', 'Female', '2023-02-25', 1167),
    (158, 'Giovanni', 'Ferrari', 'giovanni.ferrari@gmail.com', '1991-09-13', 'Male', '2023-02-12', 1168),
    (159, 'Elisa', 'De Luca', 'elisa.deluca@gmail.com', '1993-12-20', 'Female', '2023-02-28', 1169),
    (160, 'Simone', 'Moretti', 'simone.moretti@gmail.com', '1985-07-09', 'Male', '2023-02-01', 1170),
    (161, 'Valentina', 'Barbieri', 'valentina.barbieri@gmail.com', '1992-03-27', 'Female', '2023-02-01', 1171);


-- USER TRANSACTION DATA
INSERT INTO
	USERS.USER_TRANSACTIONS
VALUES
    (100001, 117, '2023-02-10 13:15:00', 400000, 'purchase'),
    (100002, 105, '2023-02-15 16:30:00', 700000, 'purchase'),
    (100003, 123, '2023-02-22 10:45:00', 350000, 'purchase'),
    (100004, 101, '2023-03-05 12:00:00', 200000, 'purchase'),
    (100005, 134, '2023-03-20 14:15:00', 900000, 'purchase'),
    (100006, 113, '2023-02-05 17:30:00', 300000, 'purchase'),
    (100007, 146, '2023-02-12 09:45:00', 600000, 'purchase'),
    (100008, 121, '2023-02-25 12:00:00', 250000, 'purchase'),
    (100009, 104, '2023-03-10 14:15:00', 800000, 'purchase'),
    (100010, 126, '2023-03-22 16:30:00', 150000, 'purchase'),
    (100011, 112, '2023-02-01 09:45:00', 500000, 'purchase'),
    (100012, 140, '2023-02-16 12:00:00', 450000, 'purchase'),
    (100013, 120, '2023-03-01 14:15:00', 550000, 'purchase'),
    (100014, 107, '2023-03-17 16:30:00', 250000, 'purchase'),
    (100015, 136, '2023-02-08 09:45:00', 950000, 'purchase'),
    (100016, 118, '2023-02-20 12:00:00', 400000, 'purchase'),
    (100017, 102, '2023-03-03 14:15:00', 650000, 'purchase'),
    (100018, 131, '2023-03-18 16:30:00', 200000, 'purchase'),
    (100019, 115, '2023-02-02 09:45:00', 700000, 'purchase'),
    (100020, 150, '2023-02-11 12:00:00', 350000, 'purchase'),
    (100021, 127, '2023-02-24 14:15:00', 900000, 'purchase'),
    (100022, 103, '2023-03-09 16:30:00', 300000, 'purchase'),
    (100023, 129, '2023-02-03 09:45:00', 600000, 'purchase'),
    (100024, 105, '2023-02-17 12:00:00', 250000, 'purchase'),
    (100025, 122, '2023-03-02 14:15:00', 800000, 'purchase'),
    (100026, 108, '2023-03-20 16:30:00', 150000, 'purchase'),
    (100027, 142, '2023-02-06 09:45:00', 500000, 'purchase'),
    (100028, 116, '2023-02-13 12:00:00', 450000, 'purchase'),
    (100029, 132, '2023-02-26 14:15:00', 550000, 'purchase'),
    (100030, 109, '2023-03-05 16:30:00', 250000, 'purchase'),
    (100031, 124, '2023-03-22 09:45:00', 950000, 'purchase'),
    (100032, 101, '2023-02-10 12:00:00', 400000, 'purchase'),
    (100033, 137, '2023-02-15 14:15:00', 650000, 'purchase'),
    (100034, 111, '2023-02-22 16:30:00', 200000, 'purchase'),
    (100035, 133, '2023-03-07 09:45:00', 700000, 'purchase'),
    (100036, 114, '2023-03-24 12:00:00', 350000, 'purchase'),
    (100037, 119, '2023-02-04 14:15:00', 900000, 'purchase'),
    (100038, 128, '2023-02-17 16:30:00', 300000, 'purchase'),
    (100039, 106, '2023-03-02 09:45:00', 600000, 'purchase'),
    (100040, 144, '2023-03-09 12:00:00', 250000, 'purchase'),
    (100041, 123, '2023-03-26 14:15:00', 800000, 'purchase'),
    (100042, 110, '2023-02-05 16:30:00', 150000, 'purchase'),
    (100043, 143, '2023-02-12 09:45:00', 500000, 'purchase'),
    (100044, 112, '2023-02-19 12:00:00', 450000, 'purchase'),
    (100045, 130, '2023-03-04 14:15:00', 550000, 'purchase'),
    (100046, 105, '2023-03-21 16:30:00', 250000, 'purchase'),
    (100047, 126, '2023-02-07 09:45:00', 950000, 'purchase'),
    (100048, 113, '2023-02-14 12:00:00', 400000, 'purchase'),
    (100049, 131, '2023-02-27 14:15:00', 650000, 'purchase'),
    (100050, 108, '2023-03-06 16:30:00', 200000, 'purchase'),
    (100051, 125, '2023-03-23 09:45:00', 700000, 'purchase'),
    (100052, 101, '2023-02-08 12:00:00', 350000, 'purchase'),
    (100053, 139, '2023-02-15 14:15:00', 900000, 'purchase'),
    (100054, 116, '2023-03-01 16:30:00', 300000, 'purchase'),
    (100055, 145, '2023-03-08 09:45:00', 600000, 'purchase'),
    (100056, 114, '2023-02-09 12:00:00', 250000, 'purchase'),
    (100057, 127, '2023-02-16 14:15:00', 800000, 'purchase'),
    (100058, 102, '2023-03-03 16:30:00', 150000, 'purchase'),
    (100059, 132, '2023-03-17 09:45:00', 500000, 'purchase'),
    (100060, 118, '2023-02-01 12:00:00', 450000, 'purchase'),
    (100061, 141, '2023-02-18 14:15:00', 550000, 'purchase'),
    (100062, 103, '2023-03-05 16:30:00', 250000, 'purchase'),
    (100063, 121, '2023-03-22 09:45:00', 950000, 'purchase'),
    (100064, 107, '2023-02-10 12:00:00', 400000, 'purchase'),
    (100065, 135, '2023-02-23 14:15:00', 650000, 'purchase'),
    (100066, 111, '2023-03-01 16:30:00', 200000, 'purchase'),
    (100067, 124, '2023-03-19 09:45:00', 700000, 'purchase'),
    (100068, 133, '2023-04-01 12:00:00', 350000, 'purchase'),
    (100069, 105, '2023-02-03 14:15:00', 900000, 'purchase'),
    (100070, 119, '2023-02-18 16:30:00', 300000, 'purchase'),
    (100071, 106, '2023-03-05 09:45:00', 600000, 'purchase'),
    (100072, 130, '2023-03-12 12:00:00', 250000, 'purchase'),
    (100073, 123, '2023-03-25 14:15:00', 800000, 'purchase'),
    (100074, 110, '2023-02-04 16:30:00', 150000, 'purchase'),
    (100075, 143, '2023-02-11 09:45:00', 500000, 'purchase'),
    (100076, 112, '2023-02-19 12:00:00', 450000, 'purchase'),
    (100077, 131, '2023-03-02 14:15:00', 550000, 'purchase'),
    (100078, 105, '2023-03-19 16:30:00', 250000, 'purchase'),
    (100079, 126, '2023-02-06 09:45:00', 950000, 'purchase'),
    (100080, 113, '2023-02-13 12:00:00', 400000, 'purchase'),
    (100081, 132, '2023-02-26 14:15:00', 650000, 'purchase'),
    (100082, 108, '2023-03-07 16:30:00', 200000, 'purchase'),
    (100083, 125, '2023-03-24 09:45:00', 700000, 'purchase'),
    (100084, 101, '2023-02-07 12:00:00', 350000, 'purchase'),
    (100085, 139, '2023-02-16 14:15:00', 900000, 'purchase'),
    (100086, 116, '2023-03-01 16:30:00', 300000, 'purchase'),
    (100087, 145, '2023-03-08 09:45:00', 600000, 'purchase'),
    (100088, 114, '2023-02-09 12:00:00', 250000, 'purchase'),
    (100089, 127, '2023-02-16 14:15:00', 800000, 'purchase'),
    (100090, 102, '2023-03-03 16:30:00', 150000, 'purchase'),
    (100091, 132, '2023-03-17 09:45:00', 500000, 'purchase'),
    (100092, 118, '2023-02-01 12:00:00', 450000, 'purchase'),
    (100093, 141, '2023-02-18 14:15:00', 550000, 'purchase'),
    (100094, 103, '2023-03-05 16:30:00', 250000, 'purchase'),
    (100095, 121, '2023-03-22 09:45:00', 950000, 'purchase'),
    (100096, 107, '2023-02-10 12:00:00', 400000, 'purchase'),
    (100097, 135, '2023-02-23 14:15:00', 650000, 'purchase'),
    (100098, 111, '2023-03-01 16:30:00', 200000, 'purchase'),
    (100099, 124, '2023-03-19 09:45:00', 700000, 'purchase'),
    (100101, 142, '2023-04-01 14:15:00', 350000, 'purchase'),
    (100102, 109, '2023-02-03 16:30:00', 900000, 'purchase'),
    (100103, 130, '2023-02-20 09:45:00', 300000, 'purchase'),
    (100104, 115, '2023-03-05 12:00:00', 600000, 'purchase'),
    (100105, 123, '2023-03-12 14:15:00', 250000, 'purchase'),
    (100106, 101, '2023-03-25 16:30:00', 800000, 'purchase'),
    (100107, 118, '2023-02-05 09:45:00', 150000, 'purchase'),
    (100108, 135, '2023-02-12 12:00:00', 500000, 'purchase'),
    (100109, 106, '2023-02-27 14:15:00', 450000, 'purchase'),
    (100110, 127, '2023-03-07 16:30:00', 550000, 'purchase'),
    (100111, 132, '2023-03-24 09:45:00', 250000, 'purchase'),
    (100112, 116, '2023-02-06 12:00:00', 950000, 'purchase'),
    (100113, 105, '2023-02-14 14:15:00', 400000, 'purchase'),
    (100114, 143, '2023-02-27 16:30:00', 650000, 'purchase'),
    (100115, 120, '2023-03-06 09:45:00', 200000, 'purchase'),
    (100116, 125, '2023-02-17 12:00:00', 700000, 'purchase'),
    (100117, 112, '2023-03-02 14:15:00', 350000, 'purchase'),
    (100118, 136, '2023-03-19 16:30:00', 900000, 'purchase'),
    (100119, 103, '2023-02-09 09:45:00', 300000, 'purchase'),
    (100120, 124, '2023-02-24 12:00:00', 600000, 'purchase'),
    (100121, 107, '2023-03-03 14:15:00', 250000, 'purchase'),
    (100122, 130, '2023-03-18 16:30:00', 800000, 'purchase'),
    (100123, 108, '2023-02-11 09:45:00', 150000, 'purchase'),
    (100124, 139, '2023-02-18 12:00:00', 500000, 'purchase'),
    (100125, 114, '2023-03-06 14:15:00', 450000, 'purchase'),
    (100126, 121, '2023-03-23 16:30:00', 550000, 'purchase'),
    (100127, 104, '2023-02-13 09:45:00', 250000, 'purchase'),
    (100128, 133, '2023-03-01 12:00:00', 950000, 'purchase'),
    (100129, 115, '2023-03-08 14:15:00', 400000, 'purchase'),
    (100130, 141, '2023-03-21 16:30:00', 650000, 'purchase'),
    (100131, 109, '2023-02-16 09:45:00', 200000, 'purchase'),
    (100132, 126, '2023-03-03 12:00:00', 700000, 'purchase'),
    (100133, 117, '2023-03-20 14:15:00', 350000, 'purchase');


-- FACEBOOK ADS DATA
INSERT INTO
	SOCIAL_MEDIA_MARKETING.FACEBOOK_ADS
VALUES
    (1132, 'lebaran_campaign', 'Desktop', '192.168.0.26', '2023-01-24 12:34:56'),
    (1133, 'imlek_campaign', 'Android', '192.168.0.27', '2023-01-25 09:12:34'),
    (1134, 'natal_campaign', 'IOS', '192.168.0.28', '2023-01-26 16:14:21'),
    (1135, 'lebaran_campaign', 'Android', '192.168.0.29', '2023-01-27 08:22:32'),
    (1136, 'imlek_campaign', 'Desktop', '192.168.0.30', '2023-01-28 11:50:17'),
    (1137, 'natal_campaign', 'IOS', '192.168.0.31', '2023-01-29 04:08:45'),
    (1138, 'lebaran_campaign', 'Desktop', '192.168.0.32', '2023-01-30 19:37:02'),
    (1139, 'imlek_campaign', 'Android', '192.168.0.33', '2023-01-31 10:45:52'),
    (1140, 'natal_campaign', 'IOS', '192.168.0.34', '2023-01-01 02:03:43'),
    (1141, 'lebaran_campaign', 'Desktop', '192.168.0.35', '2023-01-02 17:32:09'),
    (1142, 'imlek_campaign', 'Android', '192.168.0.36', '2023-01-03 09:40:55'),
    (1143, 'natal_campaign', 'IOS', '192.168.0.37', '2023-01-04 01:49:41'),
    (1144, 'lebaran_campaign', 'Desktop', '192.168.0.38', '2023-01-05 16:18:07'),
    (1145, 'imlek_campaign', 'Android', '192.168.0.39', '2023-01-06 08:26:54'),
    (1146, 'natal_campaign', 'IOS', '192.168.0.40', '2023-01-07 00:35:40'),
    (1147, 'lebaran_campaign', 'Desktop', '192.168.0.41', '2023-01-08 14:04:06'),
    (1148, 'imlek_campaign', 'Android', '192.168.0.42', '2023-01-09 06:12:52'),
    (1149, 'natal_campaign', 'IOS', '192.168.0.43', '2023-01-10 22:41:18'),
    (1150, 'lebaran_campaign', 'Desktop', '192.168.0.44', '2023-01-11 15:20:01'),
    (1151, 'imlek_campaign', 'Android', '192.168.0.45', '2023-01-12 07:28:50'),
    (1152, 'natal_campaign', 'IOS', '192.168.0.46', '2023-01-13 23:57:17'),
    (1153, 'lebaran_campaign', 'Desktop', '192.168.0.47', '2023-01-14 16:36:04'),
    (1154, 'imlek_campaign', 'Android', '192.168.0.48', '2023-01-15 08:44:50'),
    (1155, 'natal_campaign', 'IOS', '192.168.0.49', '2023-01-16 01:13:17'),
    (1156, 'lebaran_campaign', 'Desktop', '192.168.0.50', '2023-01-17 17:42:03'),
    (1157, 'imlek_campaign', 'Android', '192.168.0.51', '2023-01-18 10:00:50'),
    (1158, 'natal_campaign', 'IOS', '192.168.0.52', '2023-01-19 02:29:27'),
    (1159, 'lebaran_campaign', 'Desktop', '192.168.0.53', '2023-01-20 15:08:14'),
    (1160, 'imlek_campaign', 'Android', '192.168.0.54', '2023-01-21 07:17:00'),
    (1161, 'natal_campaign', 'IOS', '192.168.0.55', '2023-01-22 23:45:27'),
    (1162, 'lebaran_campaign', 'Desktop', '192.168.0.56', '2023-01-23 16:24:14'),
    (1163, 'imlek_campaign', 'Android', '192.168.0.57', '2023-01-24 08:33:00'),
    (1164, 'natal_campaign', 'IOS', '192.168.0.58', '2023-01-25 00:01:27'),
    (1165, 'lebaran_campaign', 'Desktop', '192.168.0.59', '2023-01-26 14:30:13'),
    (1166, 'imlek_campaign', 'Android', '192.168.0.60', '2023-01-27 06:39:00'),
    (1167, 'natal_campaign', 'IOS', '192.168.0.61', '2023-01-28 23:07:27'),
    (1168, 'lebaran_campaign', 'Desktop', '192.168.0.62', '2023-01-29 15:46:14'),
    (1169, 'imlek_campaign', 'Android', '192.168.0.63', '2023-01-30 07:55:00'),
    (1170, 'natal_campaign', 'IOS', '192.168.0.64', '2023-01-31 01:23:27'),
    (1171, 'lebaran_campaign', 'Desktop', '192.168.0.65', '2023-02-01 17:52:14'),
    (1172, 'imlek_campaign', 'Android', '192.168.0.66', '2023-02-02 10:11:00'),
    (1173, 'natal_campaign', 'IOS', '192.168.0.67', '2023-02-03 02:39:27'),
    (1174, 'lebaran_campaign', 'Desktop', '192.168.0.68', '2023-02-04 19:18:14'),
    (1175, 'imlek_campaign', 'Android', '192.168.0.69', '2023-02-05 11:27:00'),
    (1176, 'natal_campaign', 'IOS', '192.168.0.70', '2023-02-06 03:55:27'),
    (1177, 'lebaran_campaign', 'Desktop', '192.168.0.71', '2023-02-07 18:34:14'),
    (1178, 'imlek_campaign', 'Android', '192.168.0.72', '2023-02-08 10:43:00'),
    (1179, 'natal_campaign', 'IOS', '192.168.0.73', '2023-02-09 03:11:27'),
    (1180, 'lebaran_campaign', 'Desktop', '192.168.0.74', '2023-02-10 17:50:14'),
    (1181, 'imlek_campaign', 'Android', '192.168.0.75', '2023-02-11 10:09:00'),
    (1182, 'natal_campaign', 'IOS', '192.168.0.76', '2023-02-12 02:37:27'),
    (1183, 'lebaran_campaign', 'Desktop', '192.168.0.77', '2023-02-13 17:16:14'),
    (1184, 'imlek_campaign', 'Android', '192.168.0.78', '2023-02-14 09:25:00'),
    (1185, 'natal_campaign', 'IOS', '192.168.0.79', '2023-02-15 01:53:27');


-- INSTAGRAM ADS DATA
INSERT INTO
	SOCIAL_MEDIA_MARKETING.INSTAGRAM_ADS
VALUES
    (1111, 'lebaran_campaign', 'Desktop', '192.168.0.1', '2023-01-04 10:12:32'),
    (1112, 'imlek_campaign', 'IOS', '192.168.0.2', '2023-01-08 17:45:21'),
    (1113, 'natal_campaign', 'Android', '192.168.0.3', '2023-01-15 08:30:54'),
    (1114, 'lebaran_campaign', 'Desktop', '192.168.0.4', '2023-01-18 13:20:42'),
    (1115, 'imlek_campaign', 'IOS', '192.168.0.5', '2023-01-23 19:56:17'),
    (1116, 'natal_campaign', 'Android', '192.168.0.6', '2023-01-27 09:41:37'),
    (1117, 'lebaran_campaign', 'Desktop', '192.168.0.7', '2023-01-29 22:05:48'),
    (1118, 'imlek_campaign', 'IOS', '192.168.0.8', '2023-01-09 08:06:29'),
    (1119, 'natal_campaign', 'Android', '192.168.0.9', '2023-01-06 04:29:53'),
    (1120, 'lebaran_campaign', 'Desktop', '192.168.0.10', '2023-01-21 12:15:10'),
    (1121, 'imlek_campaign', 'IOS', '192.168.0.11', '2023-01-11 19:30:05'),
    (1122, 'natal_campaign', 'Android', '192.168.0.12', '2023-01-31 17:40:20'),
    (1123, 'lebaran_campaign', 'Desktop', '192.168.0.13', '2023-01-25 09:55:37'),
    (1124, 'imlek_campaign', 'IOS', '192.168.0.14', '2023-01-12 14:08:53'),
    (1125, 'natal_campaign', 'Android', '192.168.0.15', '2023-01-16 21:45:12'),
    (1126, 'lebaran_campaign', 'Desktop', '192.168.0.16', '2023-01-02 18:22:40'),
    (1127, 'imlek_campaign', 'IOS', '192.168.0.17', '2023-01-28 07:16:59'),
    (1128, 'natal_campaign', 'Android', '192.168.0.18', '2023-01-22 10:35:24'),
    (1129, 'lebaran_campaign', 'Desktop', '192.168.0.19', '2023-01-13 15:47:41'),
    (1130, 'imlek_campaign', 'IOS', '192.168.0.20', '2023-01-10 23:59:59'),
    (1131, 'natal_campaign', 'Android', '192.168.0.21', '2023-01-26 06:32:18'),
    (1232, 'lebaran_campaign', 'Desktop', '192.168.0.22', '2023-01-05 16:38:47'),
    (1233, 'imlek_campaign', 'IOS', '192.168.0.23', '2023-01-07 03:14:09'),
    (1234, 'natal_campaign', 'Android', '192.168.0.24', '2023-01-17 23:22:29'),
    (1235, 'lebaran_campaign', 'Desktop', '192.168.0.25', '2023-01-24 12:55:46'),
    (1236, 'imlek_campaign', 'IOS', '192.168.0.26', '2023-01-14 05:50:04'),
    (1237, 'natal_campaign', 'Android', '192.168.0.27', '2023-01-30 21:08:25'),
    (1238, 'lebaran_campaign', 'Desktop', '192.168.0.28', '2023-01-19 09:12:23'),
    (1239, 'imlek_campaign', 'IOS', '192.168.0.29', '2023-01-03 17:36:34'),
    (1240, 'natal_campaign', 'Android', '192.168.0.30', '2023-01-20 14:27:57'),
    (1241, 'lebaran_campaign', 'Desktop', '192.168.0.31', '2023-01-17 07:59:08'),
    (1242, 'imlek_campaign', 'IOS', '192.168.0.32', '2023-01-27 23:40:11'),
    (1243, 'natal_campaign', 'Android', '192.168.0.33', '2023-01-28 16:18:33'),
    (1244, 'lebaran_campaign', 'Desktop', '192.168.0.34', '2023-01-04 19:21:47'),
    (1245, 'imlek_campaign', 'IOS', '192.168.0.35', '2023-01-16 10:03:52'),
    (1246, 'natal_campaign', 'Android', '192.168.0.36', '2023-01-07 12:44:06'),
    (1247, 'lebaran_campaign', 'Desktop', '192.168.0.37', '2023-01-21 21:37:12'),
    (1248, 'imlek_campaign', 'IOS', '192.168.0.38', '2023-01-15 13:09:18'),
    (1249, 'natal_campaign', 'Android', '192.168.0.39', '2023-01-10 04:50:25'),
    (1250, 'lebaran_campaign', 'Desktop', '192.168.0.40', '2023-01-25 17:23:33'),
    (1251, 'imlek_campaign', 'IOS', '192.168.0.41', '2023-01-01 18:56:41'),
    (1252, 'natal_campaign', 'Android', '192.168.0.42', '2023-01-18 11:37:50'),
    (1253, 'lebaran_campaign', 'Desktop', '192.168.0.43', '2023-01-13 04:19:00'),
    (1254, 'imlek_campaign', 'IOS', '192.168.0.44', '2023-01-14 09:00:10'),
    (1255, 'natal_campaign', 'Android', '192.168.0.45', '2023-01-11 21:41:21'),
    (1256, 'lebaran_campaign', 'Desktop', '192.168.0.46', '2023-01-22 14:22:33'),
    (1257, 'imlek_campaign', 'IOS', '192.168.0.47', '2023-01-23 17:03:45'),
    (1258, 'natal_campaign', 'Android', '192.168.0.48', '2023-01-19 06:44:58'),
    (1259, 'lebaran_campaign', 'Desktop', '192.168.0.49', '2023-01-08 16:26:12'),
    (1260, 'imlek_campaign', 'IOS', '192.168.0.50', '2023-01-24 12:07:27'),
    (1261, 'natal_campaign', 'Android', '192.168.0.51', '2023-01-05 15:48:42'),
    (1262, 'lebaran_campaign', 'Desktop', '192.168.0.52', '2023-01-12 10:29:58'),
    (1263, 'imlek_campaign', 'IOS', '192.168.0.53', '2023-01-09 18:11:15'),
    (1264, 'natal_campaign', 'Android', '192.168.0.54', '2023-01-06 05:52:32');


-- USER EVENT DATA
INSERT INTO
	EVENT.EVENTS
VALUES
	(898000, 105, 'login', '2023-01-15 08:23:42', '{"device_type": "mobile", "location": "New York"}'),
	(898001, 134, 'logout', '2023-01-05 16:47:19', '{"device_type": "desktop", "location": "London"}'),
	(898002, 117, 'search', '2023-01-28 11:32:55', '{"search_terms": "camera", "total_result": 378}'),
	(898003, 126, 'login', '2023-01-10 09:58:03', '{"device_type": "tablet", "location": "Paris"}'),
	(898004, 143, 'logout', '2023-01-17 20:15:37', '{"device_type": "desktop", "location": "Los Angeles"}'),
	(898005, 112, 'search', '2023-01-23 14:06:21', '{"search_terms": "shoes", "total_result": 7256}'),
	(898006, 148, 'login', '2023-01-07 17:39:58', '{"device_type": "mobile", "location": "Tokyo"}'),
	(898007, 102, 'logout', '2023-01-30 06:51:12', '{"device_type": "desktop", "location": "Sydney"}'),
	(898008, 136, 'search', '2023-01-18 22:44:39', '{"search_terms": "book", "total_result": 3268}'),
	(898009, 121, 'login', '2023-01-12 13:20:05', '{"device_type": "tablet", "location": "Berlin"}'),
	(898010, 137, 'logout', '2023-01-04 19:09:57', '{"device_type": "desktop", "location": "Chicago"}'),
	(898011, 107, 'search', '2023-01-26 10:55:41', '{"search_terms": "shirt", "total_result": 812}'),
	(898012, 131, 'login', '2023-01-08 11:17:26', '{"device_type": "mobile", "location": "San Francisco"}'),
	(898013, 123, 'logout', '2023-01-03 08:37:59', '{"device_type": "desktop", "location": "Toronto"}'),
	(898014, 130, 'search', '2023-01-29 16:25:48', '{"search_terms": "phone", "total_result": 139}'),
	(898015, 138, 'login', '2023-01-13 20:54:34', '{"device_type": "tablet", "location": "Mumbai"}'),
	(898016, 106, 'logout', '2023-01-06 09:41:12', '{"device_type": "desktop", "location": "Buenos Aires"}'),
	(898017, 145, 'search', '2023-01-24 12:03:59', '{"search_terms": "watch", "total_result": 9534}'),
	(898018, 124, 'login', '2023-01-09 18:11:22', '{"device_type": "mobile", "location": "Seoul"}'),
	(898019, 146, 'logout', '2023-01-02 14:28:05', '{"device_type": "desktop", "location": "Moscow"}'),
	(898020, 119, 'search', '2023-01-27 06:47:47', '{"search_terms": "laptop", "total_result": 6492}'),
	(898021, 141, 'login', '2023-01-14 23:59:12', '{"device_type": "tablet", "location": "Cairo"}'),
	(898022, 132, 'logout', '2023-01-01 17:05:59', '{"device_type": "desktop", "location": "Mexico City"}'),
	(898023, 149, 'search', '2023-01-25 09:32:38', '{"search_terms": "headphones", "total_result": 275}'),
	(898024, 113, 'login', '2023-01-11 08:46:17', '{"device_type": "mobile", "location": "Bangkok"}'),
	(898025, 104, 'logout', '2023-01-31 12:19:04', '{"device_type": "desktop", "location": "Dubai"}'),
	(898026, 150, 'search', '2023-01-19 19:37:28', '{"search_terms": "sunglasses", "total_result": 8643}'),
	(898027, 108, 'login', '2023-01-16 15:03:52', '{"device_type": "tablet", "location": "Barcelona"}'),
	(898028, 144, 'logout', '2023-01-21 11:28:36', '{"device_type": "desktop", "location": "Rome"}'),
	(898029, 120, 'search', '2023-01-30 08:52:07', '{"search_terms": "bag", "total_result": 2048}'),
	(898030, 103, 'login', '2023-01-17 14:09:28', '{"device_type": "mobile", "location": "Beijing"}'),
	(898031, 139, 'logout', '2023-01-09 22:35:11', '{"device_type": "desktop", "location": "Tokyo"}'),
	(898032, 116, 'search', '2023-01-29 10:43:45', '{"search_terms": "jacket", "total_result": 77}'),
	(898033, 128, 'login', '2023-01-18 12:55:39', '{"device_type": "tablet", "location": "Paris"}'),
	(898034, 114, 'logout', '2023-01-07 09:02:22', '{"device_type": "desktop", "location": "Los Angeles"}'),
	(898035, 142, 'search', '2023-01-26 14:21:05', '{"search_terms": "guitar", "total_result": 952}'),
	(898036, 110, 'login', '2023-01-19 20:42:58', '{"device_type": "mobile", "location": "Sydney"}'),
	(898037, 135, 'logout', '2023-01-05 18:57:41', '{"device_type": "desktop", "location": "Berlin"}'),
	(898038, 109, 'search', '2023-01-31 08:14:15', '{"search_terms": "speaker", "total_result": 7713}'),
	(898039, 129, 'login', '2023-01-20 11:37:33', '{"device_type": "tablet", "location": "London"}'),
	(898040, 118, 'logout', '2023-01-08 16:52:16', '{"device_type": "desktop", "location": "Chicago"}'),
	(898041, 147, 'search', '2023-01-27 21:05:49', '{"search_terms": "television", "total_result": 4236}'),
	(898042, 111, 'login', '2023-01-21 23:18:04', '{"device_type": "mobile", "location": "San Francisco"}'),
	(898043, 125, 'logout', '2023-01-06 07:39:57', '{"device_type": "desktop", "location": "Toronto"}'),
	(898044, 133, 'search', '2023-01-25 12:56:32', '{"search_terms": "keyboard", "total_result": 942}'),
	(898045, 122, 'login', '2023-01-22 18:41:19', '{"device_type": "tablet", "location": "Mumbai"}'),
	(898046, 140, 'logout', '2023-01-04 14:02:05', '{"device_type": "desktop", "location": "Seoul"}'),
	(898047, 115, 'search', '2023-01-23 09:29:48', '{"search_terms": "monitor", "total_result": 7925}'),
	(898048, 127, 'login', '2023-01-23 06:39:27', '{"device_type": "mobile", "location": "Moscow"}'),
	(898049, 103, 'logout', '2023-01-02 10:51:14', '{"device_type": "desktop", "location": "Tokyo"}'),
	(898050, 139, 'search', '2023-01-31 17:12:49', '{"search_terms": "headset", "total_result": 1234}'),
	(898051, 116, 'login', '2023-01-24 08:59:37', '{"device_type": "tablet", "location": "Barcelona"}'),
	(898052, 128, 'logout', '2023-01-03 13:22:21', '{"device_type": "desktop", "location": "Rome"}'),
	(898053, 114, 'search', '2023-01-30 16:08:05', '{"search_terms": "camera", "total_result": 567}'),
	(898054, 110, 'login', '2023-01-25 19:07:28', '{"device_type": "mobile", "location": "Beijing"}'),
	(898055, 135, 'logout', '2023-01-04 22:34:01', '{"device_type": "desktop", "location": "Tokyo"}'),
	(898056, 109, 'search', '2023-01-29 08:39:45', '{"search_terms": "laptop", "total_result": 8765}'),
	(898057, 129, 'login', '2023-01-26 12:55:19', '{"device_type": "tablet", "location": "Paris"}'),
	(898058, 118, 'logout', '2023-01-05 10:21:12', '{"device_type": "desktop", "location": "Los Angeles"}'),
	(898059, 147, 'search', '2023-01-28 15:39:59', '{"search_terms": "phone", "total_result": 2345}'),
	(898060, 111, 'login', '2023-01-27 18:47:34', '{"device_type": "mobile", "location": "Sydney"}'),
	(898061, 125, 'logout', '2023-01-06 21:03:17', '{"device_type": "desktop", "location": "Berlin"}'),
	(898062, 133, 'search', '2023-01-22 09:28:51', '{"search_terms": "watch", "total_result": 456}'),
	(898063, 122, 'login', '2023-01-29 11:55:42', '{"device_type": "tablet", "location": "London"}'),
	(898064, 140, 'logout', '2023-01-07 14:18:29', '{"device_type": "desktop", "location": "Chicago"}'),
	(898065, 115, 'search', '2023-01-23 08:45:16', '{"search_terms": "shoes", "total_result": 6789}'),
	(898066, 127, 'login', '2023-01-30 16:02:33', '{"device_type": "mobile", "location": "San Francisco"}'),
	(898067, 104, 'logout', '2023-01-08 17:29:54', '{"device_type": "desktop", "location": "Toronto"}'),
	(898068, 150, 'search', '2023-01-24 12:56:37', '{"search_terms": "guitar", "total_result": 789}'),
	(898069, 108, 'login', '2023-01-31 09:23:42', '{"device_type": "tablet", "location": "Mumbai"}'),
	(898070, 144, 'logout', '2023-01-09 11:44:25', '{"device_type": "desktop", "location": "Seoul"}'),
	(898071, 120, 'search', '2023-01-25 19:21:59', '{"search_terms": "keyboard", "total_result": 123}'),
	(898072, 103, 'login', '2023-01-10 22:32:18', '{"device_type": "mobile", "location": "Moscow"}'),
	(898073, 139, 'logout', '2023-01-11 06:49:03', '{"device_type": "desktop", "location": "Tokyo"}'),
	(898074, 116, 'search', '2023-01-26 14:21:05', '{"search_terms": "speaker", "total_result": 4321}'),
	(898075, 128, 'login', '2023-01-27 17:53:32', '{"device_type": "tablet", "location": "Barcelona"}'),
	(898076, 114, 'logout', '2023-01-12 08:12:47', '{"device_type": "desktop", "location": "Rome"}'),
	(898077, 110, 'search', '2023-01-28 19:34:21', '{"search_terms": "monitor", "total_result": 987}'),
	(898078, 135, 'login', '2023-01-29 22:02:58', '{"device_type": "mobile", "location": "Beijing"}'),
	(898079, 109, 'logout', '2023-01-13 10:37:39', '{"device_type": "desktop", "location": "Tokyo"}'),
	(898080, 129, 'search', '2023-01-30 11:15:14', '{"search_terms": "mouse", "total_result": 654}'),
	(898081, 118, 'login', '2023-01-31 13:43:51', '{"device_type": "tablet", "location": "Paris"}'),
	(898082, 147, 'logout', '2023-01-14 15:09:26', '{"device_type": "desktop", "location": "Los Angeles"}'),
	(898083, 111, 'search', '2023-01-15 18:37:03', '{"search_terms": "printer", "total_result": 321}'),
	(898084, 125, 'login', '2023-01-16 21:04:40', '{"device_type": "mobile", "location": "Sydney"}'),
	(898085, 133, 'logout', '2023-01-17 23:32:17', '{"device_type": "desktop", "location": "Berlin"}'),
	(898086, 122, 'search', '2023-01-18 10:59:54', '{"search_terms": "hard drive", "total_result": 789}'),
	(898087, 140, 'login', '2023-01-19 14:27:31', '{"device_type": "tablet", "location": "London"}'),
	(898088, 115, 'logout', '2023-01-20 17:55:08', '{"device_type": "desktop", "location": "Chicago"}'),
	(898089, 127, 'search', '2023-01-21 21:22:45', '{"search_terms": "keyboard", "total_result": 654}'),
	(898090, 104, 'login', '2023-01-22 23:50:22', '{"device_type": "mobile", "location": "San Francisco"}'),
	(898091, 150, 'logout', '2023-01-23 10:17:59', '{"device_type": "desktop", "location": "Toronto"}'),
	(898092, 108, 'search', '2023-01-24 13:45:36', '{"search_terms": "router", "total_result": 432}'),
	(898093, 144, 'login', '2023-01-25 17:13:13', '{"device_type": "tablet", "location": "Mumbai"}'),
	(898094, 120, 'logout', '2023-01-26 20:40:50', '{"device_type": "desktop", "location": "Seoul"}'),
	(898095, 103, 'search', '2023-01-27 11:08:27', '{"search_terms": "tablet", "total_result": 321}'),
	(898096, 139, 'login', '2023-01-28 14:36:04', '{"device_type": "mobile", "location": "Tokyo"}'),
	(898097, 116, 'logout', '2023-01-29 18:03:41', '{"device_type": "desktop", "location": "Barcelona"}'),
	(898098, 128, 'search', '2023-01-30 21:31:18', '{"search_terms": "smartwatch", "total_result": 654}'),
	(898099, 114, 'login', '2023-01-31 11:58:55', '{"device_type": "tablet", "location": "Rome"}'),
	(898100, 110, 'logout', '2023-02-01 15:26:32', '{"device_type": "desktop", "location": "Tokyo"}'),
	(898101, 135, 'search', '2023-02-02 18:54:09', '{"search_terms": "earphones", "total_result": 789}'),
	(898102, 109, 'login', '2023-02-03 22:21:46', '{"device_type": "mobile", "location": "Beijing"}'),
	(898103, 129, 'logout', '2023-02-04 01:49:23', '{"device_type": "desktop", "location": "Paris"}'),
	(898104, 118, 'search', '2023-02-05 05:17:00', '{"search_terms": "camera lens", "total_result": 432}'),
	(898105, 147, 'login', '2023-02-06 08:44:37', '{"device_type": "tablet", "location": "Los Angeles"}'),
	(898106, 111, 'logout', '2023-02-07 12:12:14', '{"device_type": "desktop", "location": "Sydney"}'),
	(898107, 125, 'search', '2023-02-08 15:39:51', '{"search_terms": "smartphone", "total_result": 987}'),
	(898108, 133, 'login', '2023-02-09 19:07:28', '{"device_type": "mobile", "location": "Berlin"}'),
	(898109, 122, 'logout', '2023-02-10 22:35:05', '{"device_type": "desktop", "location": "London"}'),
	(898110, 140, 'search', '2023-02-11 02:02:42', '{"search_terms": "headphones", "total_result": 654}'),
	(898111, 115, 'login', '2023-02-12 05:30:19', '{"device_type": "tablet", "location": "Chicago"}'),
	(898112, 127, 'logout', '2023-02-13 08:57:56', '{"device_type": "desktop", "location": "San Francisco"}'),
	(898113, 104, 'search', '2023-02-14 12:25:33', '{"search_terms": "laptop", "total_result": 321}'),
	(898114, 150, 'login', '2023-02-15 15:53:10', '{"device_type": "mobile", "location": "Toronto"}'),
	(898115, 108, 'logout', '2023-02-16 19:20:47', '{"device_type": "desktop", "location": "Mumbai"}'),
	(898116, 144, 'search', '2023-02-17 22:48:24', '{"search_terms": "tablet", "total_result": 654}'),
	(898117, 120, 'login', '2023-02-18 02:16:01', '{"device_type": "tablet", "location": "Seoul"}'),
	(898118, 103, 'logout', '2023-02-19 05:43:38', '{"device_type": "desktop", "location": "Tokyo"}'),
	(898119, 139, 'search', '2023-02-20 09:11:15', '{"search_terms": "smartwatch", "total_result": 987}'),
	(898120, 116, 'login', '2023-02-21 12:38:52', '{"device_type": "mobile", "location": "Barcelona"}'),
	(898121, 128, 'logout', '2023-02-22 16:06:29', '{"device_type": "desktop", "location": "Rome"}'),
	(898122, 114, 'search', '2023-02-23 19:34:06', '{"search_terms": "mouse", "total_result": 432}'),
	(898123, 110, 'login', '2023-02-24 23:01:43', '{"device_type": "tablet", "location": "Beijing"}'),
	(898124, 135, 'logout', '2023-02-26 02:29:20', '{"device_type": "desktop", "location": "Paris"}'),
	(898125, 119, 'search', '2023-02-27 05:56:57', '{"search_terms": "printer", "total_result": 543}'),
	(898126, 148, 'login', '2023-02-28 09:24:34', '{"device_type": "tablet", "location": "New York"}'),
	(898127, 112, 'logout', '2023-03-01 12:52:11', '{"device_type": "desktop", "location": "London"}'),
	(898128, 126, 'search', '2023-03-02 16:19:48', '{"search_terms": "gaming console", "total_result": 876}'),
	(898129, 134, 'login', '2023-03-03 19:47:25', '{"device_type": "mobile", "location": "Sydney"}'),
	(898130, 121, 'logout', '2023-03-04 23:15:02', '{"device_type": "desktop", "location": "Tokyo"}'),
	(898131, 141, 'search', '2023-03-06 02:42:39', '{"search_terms": "external hard drive", "total_result": 321}'),
	(898132, 116, 'login', '2023-03-07 06:10:16', '{"device_type": "tablet", "location": "Berlin"}'),
	(898133, 128, 'logout', '2023-03-08 09:37:53', '{"device_type": "desktop", "location": "Madrid"}'),
	(898134, 115, 'search', '2023-03-09 13:05:30', '{"search_terms": "wireless speakers", "total_result": 654}'),
	(898135, 107, 'login', '2023-03-10 16:33:07', '{"device_type": "mobile", "location": "Los Angeles"}'),
	(898136, 143, 'logout', '2023-03-11 20:00:44', '{"device_type": "desktop", "location": "Paris"}'),
	(898137, 125, 'search', '2023-03-12 23:28:21', '{"search_terms": "smart TV", "total_result": 987}'),
	(898138, 131, 'login', '2023-03-14 02:55:58', '{"device_type": "tablet", "location": "Tokyo"}'),
	(898139, 109, 'logout', '2023-03-15 06:23:35', '{"device_type": "desktop", "location": "New York"}'),
	(898140, 145, 'search', '2023-03-16 09:51:12', '{"search_terms": "monitor", "total_result": 543}'),
	(898141, 112, 'login', '2023-03-17 13:18:49', '{"device_type": "mobile", "location": "Beijing"}'),
	(898142, 129, 'logout', '2023-03-18 16:46:26', '{"device_type": "desktop", "location": "London"}'),
	(898143, 117, 'search', '2023-03-19 20:14:03', '{"search_terms": "keyboard", "total_result": 876}'),
	(898144, 149, 'login', '2023-03-20 23:41:40', '{"device_type": "tablet", "location": "San Francisco"}'),
	(898145, 104, 'logout', '2023-03-22 03:09:17', '{"device_type": "desktop", "location": "Sydney"}'),
	(898146, 138, 'search', '2023-03-23 06:36:54', '{"search_terms": "printer", "total_result": 321}'),
	(898147, 113, 'login', '2023-03-24 10:04:31', '{"device_type": "mobile", "location": "Tokyo"}'),
	(898148, 124, 'logout', '2023-03-25 13:32:08', '{"device_type": "desktop", "location": "Berlin"}'),
	(898149, 119, 'search', '2023-03-26 16:59:45', '{"search_terms": "smartphone", "total_result": 654}'),
	(898150, 136, 'login', '2023-03-27 20:27:22', '{"device_type": "tablet", "location": "Madrid"}'),
	(898151, 108, 'logout', '2023-03-28 23:54:59', '{"device_type": "desktop", "location": "Los Angeles"}'),
	(898152, 122, 'search', '2023-03-30 03:22:36', '{"search_terms": "headphones", "total_result": 987}'),
	(898153, 139, 'login', '2023-03-31 06:50:13', '{"device_type": "mobile", "location": "Paris"}'),
	(898154, 133, 'logout', '2023-04-01 10:17:50', '{"device_type": "desktop", "location": "Tokyo"}'),
	(898155, 111, 'search', '2023-04-02 13:45:27', '{"search_terms": "laptop", "total_result": 543}'),
	(898156, 147, 'login', '2023-04-03 17:13:04', '{"device_type": "tablet", "location": "New York"}'),
	(898157, 105, 'logout', '2023-04-04 20:40:41', '{"device_type": "desktop", "location": "London"}'),
	(898158, 127, 'search', '2023-04-05 00:08:18', '{"search_terms": "smartwatch", "total_result": 876}'),
	(898159, 135, 'login', '2023-04-06 03:35:55', '{"device_type": "mobile", "location": "Beijing"}'),
	(898160, 120, 'logout', '2023-04-07 07:03:32', '{"device_type": "desktop", "location": "Sydney"}'),
	(898161, 140, 'search', '2023-04-08 10:31:09', '{"search_terms": "table", "total_result": 321}'),
	(898162, 114, 'login', '2023-04-09 13:58:46', '{"device_type": "tablet", "location": "Berlin"}'),
	(898163, 126, 'logout', '2023-04-10 17:26:23', '{"device_type": "desktop", "location": "Madrid"}'),
	(898164, 116, 'search', '2023-04-11 20:54:00', '{"search_terms": "camera", "total_result": 654}'),
	(898165, 108, 'login', '2023-04-12 00:21:37', '{"device_type": "mobile", "location": "Los Angeles"}'),
	(898166, 144, 'logout', '2023-04-13 03:49:14', '{"device_type": "desktop", "location": "Paris"}'),
	(898167, 129, 'search', '2023-04-14 07:16:51', '{"search_terms": "external hard drive", "total_result": 987}'),
	(898168, 132, 'login', '2023-04-15 10:44:28', '{"device_type": "tablet", "location": "New York"}'),
	(898169, 118, 'logout', '2023-04-16 14:12:05', '{"device_type": "desktop", "location": "London"}'),
	(898170, 146, 'search', '2023-04-17 17:39:42', '{"search_terms": "monitor", "total_result": 543}'),
	(898171, 113, 'login', '2023-04-18 21:07:19', '{"device_type": "mobile", "location": "Beijing"}'),
	(898172, 130, 'logout', '2023-04-20 00:34:56', '{"device_type": "desktop", "location": "Tokyo"}'),
	(898173, 117, 'search', '2023-04-21 04:02:33', '{"search_terms": "keyboard", "total_result": 876}');


-- DELETE TABLE's DATA
-- DELETE FROM USERS.USERS;
-- DELETE FROM USERS.USER_TRANSACTIONS;
-- DELETE FROM SOCIAL_MEDIA_MARKETING.FACEBOOK_ADS;
-- DELETE FROM SOCIAL_MEDIA_MARKETING.INSTAGRAM_ADS;
-- DELETE FROM EVENT.EVENTS;


-- DROP TABLE
-- DROP TABLE IF EXISTS USERS.USERS;
-- DROP TABLE IF EXISTS USERS.USER_TRANSACTIONS;
-- DROP TABLE IF EXISTS SOCIAL_MEDIA_MARKETING.FACEBOOK_ADS;
-- DROP TABLE IF EXISTS SOCIAL_MEDIA_MARKETING.INSTAGRAM_ADS;
-- DROP TABLE IF EXISTS EVENT.EVENTS;


-- SELECT ALL DATA
SELECT * FROM USERS.USERS;
SELECT * FROM USERS.USER_TRANSACTIONS;
SELECT * FROM SOCIAL_MEDIA_MARKETING.FACEBOOK_ADS;
SELECT * FROM SOCIAL_MEDIA_MARKETING.INSTAGRAM_ADS;
SELECT * FROM EVENT.EVENTS;
